{
	"m_Roundness": 1,
	"UiPriority": 725
    "Float": {
        "_Metallic": 0,
        "_Smoothness": 0.15,
        "colossal_DecalLayerMask": 3,
        "_DrawOrder": -98,
        "_NormalOpacity": 1,
        "_MetallicOpacity": 1,
        "colossal_UVScale": 0.05,  
		"colossal_EdgeNormal": 0,	
		"_AffectAlbedo": 1,
		"_AffectMetal": 1,
		"_AffectNormal": 1,
		"_AffectSmoothness": 1,
		"_NormalAlphaSource": 0,
		"_MetallicAlphaSource": 0,
	    }
  "Vector": {
    "colossal_AreaParameters": {
      "x": 0.25,
      "y": 1,
      "z": 0,
      "w": 0
    },	
	"colossal_EdgeFadeRange": {
            "x": 1,
            "y": 0,
            "z": 0,
            "w": 0
        },
        "colossal_EdgeNoise": {
            "x": 1,
            "y": 1,
            "z": 0,
            "w": 0
        },
	}
}